{
  "yolo_weights": "/kaggle/working/output/yolo_train/weights/best.pt",
  "unet_checkpoint": "/kaggle/working/output/unet_best.pth",
  "report": "/kaggle/working/output/report.txt",
  "yolo_metrics": {
    "precision": 0.9818937736721824,
    "recall": 0.9703571938897475,
    "map50": 0.9929849253925941,
    "map50_95": 0.8626410588003307
  },
  "segmentation": {
    "mean_iou": 0.9639517979971598,
    "pixel_accuracy": 0.9996129577636719,
    "foreground_accuracy": 0.9860966192341232
  }
}