{
  "precision": 0.9818937736721824,
  "recall": 0.9703571938897475,
  "map50": 0.9929849253925941,
  "map50_95": 0.8626410588003307
}